group,relation,raw_var,var
doctor,know_any,b11,doctor_know_any
lawyer,know_any,b21,lawyer_know_any
primary_teacher,know_any,b31,primary_teacher_know_any
bank_worker,know_any,b41,bank_worker_know_any
taxi_driver,know_any,b51,taxi_driver_know_any
xe_om_driver,know_any,b61,xe_om_driver_know_any
hairdresser,know_any,b71,hairdresser_know_any
nurse,know_any,b81,nurse_know_any
cafe_owner,know_any,b91,cafe_owner_know_any
farmer,know_any,b101,farmer_know_any
builder,know_any,b111,builder_know_any
security_guard,know_any,b121,security_guard_know_any
student,know_any,b131,student_know_any
doctor,var_any,b12,doctor_var_any
lawyer,var_any,b22,lawyer_var_any
primary_teacher,var_any,b32,primary_teacher_var_any
bank_worker,var_any,b42,bank_worker_var_any
taxi_driver,var_any,b52,taxi_driver_var_any
xe_om_driver,var_any,b62,xe_om_driver_var_any
hairdresser,var_any,b72,hairdresser_var_any
nurse,var_any,b82,nurse_var_any
cafe_owner,var_any,b92,cafe_owner_var_any
farmer,var_any,b102,farmer_var_any
builder,var_any,b112,builder_var_any
security_guard,var_any,b122,security_guard_var_any
student,var_any,b132,student_var_any
doctor,var_cc_12mo,b13,doctor_var_cc_12mo
lawyer,var_cc_12mo,b23,lawyer_var_cc_12mo
primary_teacher,var_cc_12mo,b33,primary_teacher_var_cc_12mo
bank_worker,var_cc_12mo,b43,bank_worker_var_cc_12mo
taxi_driver,var_cc_12mo,b53,taxi_driver_var_cc_12mo
xe_om_driver,var_cc_12mo,b63,xe_om_driver_var_cc_12mo
hairdresser,var_cc_12mo,b73,hairdresser_var_cc_12mo
nurse,var_cc_12mo,b83,nurse_var_cc_12mo
cafe_owner,var_cc_12mo,b93,cafe_owner_var_cc_12mo
farmer,var_cc_12mo,b103,farmer_var_cc_12mo
builder,var_cc_12mo,b113,builder_var_cc_12mo
security_guard,var_cc_12mo,b123,security_guard_var_cc_12mo
student,var_cc_12mo,b133,student_var_cc_12mo
doctor,var_meal_12mo,b14,doctor_var_meal_12mo
lawyer,var_meal_12mo,b24,lawyer_var_meal_12mo
primary_teacher,var_meal_12mo,b34,primary_teacher_var_meal_12mo
bank_worker,var_meal_12mo,b44,bank_worker_var_meal_12mo
taxi_driver,var_meal_12mo,b54,taxi_driver_var_meal_12mo
xe_om_driver,var_meal_12mo,b64,xe_om_driver_var_meal_12mo
hairdresser,var_meal_12mo,b74,hairdresser_var_meal_12mo
nurse,var_meal_12mo,b84,nurse_var_meal_12mo
cafe_owner,var_meal_12mo,b94,cafe_owner_var_meal_12mo
farmer,var_meal_12mo,b104,farmer_var_meal_12mo
builder,var_meal_12mo,b114,builder_var_meal_12mo
security_guard,var_meal_12mo,b124,security_guard_var_meal_12mo
student,var_meal_12mo,b134,student_var_meal_12mo
doctor,var_meal_month,b15,doctor_var_meal_month
lawyer,var_meal_month,b25,lawyer_var_meal_month
primary_teacher,var_meal_month,b35,primary_teacher_var_meal_month
bank_worker,var_meal_month,b45,bank_worker_var_meal_month
taxi_driver,var_meal_month,b55,taxi_driver_var_meal_month
xe_om_driver,var_meal_month,b65,xe_om_driver_var_meal_month
hairdresser,var_meal_month,b75,hairdresser_var_meal_month
nurse,var_meal_month,b85,nurse_var_meal_month
cafe_owner,var_meal_month,b95,cafe_owner_var_meal_month
farmer,var_meal_month,b105,farmer_var_meal_month
builder,var_meal_month,b115,builder_var_meal_month
security_guard,var_meal_month,b125,security_guard_var_meal_month
student,var_meal_month,b135,student_var_meal_month
